{"chunk_definitions":[{"row":33,"row_count":1,"visible":true,"expansion_state":0,"options":{"engine":"r","label":"setup","include":true,"echo":false,"message":false,"warning":false},"document_id":"29371BEF","chunk_id":"csetup_chunk","chunk_label":"setup"},{"row":43,"row_count":1,"visible":true,"expansion_state":0,"options":{"engine":"r","label":"unnamed-chunk-57"},"document_id":"29371BEF","chunk_id":"c5212dqqv9r1d","chunk_label":"unnamed-chunk-1"},{"row":58,"row_count":1,"visible":true,"expansion_state":0,"options":{"engine":"r","label":"unnamed-chunk-58"},"document_id":"29371BEF","chunk_id":"c55e40tqud0l1","chunk_label":"unnamed-chunk-2"},{"row":67,"row_count":1,"visible":true,"expansion_state":0,"options":{"engine":"r","label":"unnamed-chunk-59"},"document_id":"29371BEF","chunk_id":"ci7w6zk8fxhw9","chunk_label":"unnamed-chunk-3"},{"row":76,"row_count":1,"visible":true,"expansion_state":0,"options":{"engine":"r","label":"unnamed-chunk-60"},"document_id":"29371BEF","chunk_id":"c6tuzutsideyh","chunk_label":"unnamed-chunk-4"},{"row":96,"row_count":1,"visible":true,"expansion_state":0,"options":{"engine":"r","label":"unnamed-chunk-61"},"document_id":"29371BEF","chunk_id":"cxutpaoiksoj2","chunk_label":"unnamed-chunk-5"},{"row":107,"row_count":1,"visible":true,"expansion_state":0,"options":{"engine":"r","label":"unnamed-chunk-62"},"document_id":"29371BEF","chunk_id":"cccpnzy0pc4mj","chunk_label":"unnamed-chunk-6"},{"row":124,"row_count":1,"visible":true,"expansion_state":0,"options":{"engine":"r","label":"unnamed-chunk-63"},"document_id":"29371BEF","chunk_id":"c18q72zqltitg","chunk_label":"unnamed-chunk-7"},{"row":138,"row_count":1,"visible":true,"expansion_state":0,"options":{"engine":"r","label":"unnamed-chunk-64"},"document_id":"29371BEF","chunk_id":"csgwg15u5e6pj","chunk_label":"unnamed-chunk-8"},{"row":149,"row_count":1,"visible":true,"expansion_state":0,"options":{"engine":"r","label":"unnamed-chunk-65"},"document_id":"29371BEF","chunk_id":"cebfjdo6i1kfe","chunk_label":"unnamed-chunk-9"},{"row":160,"row_count":1,"visible":true,"expansion_state":0,"options":{"engine":"r","label":"unnamed-chunk-66"},"document_id":"29371BEF","chunk_id":"c9o2kkx2f8usj","chunk_label":"unnamed-chunk-10"},{"row":174,"row_count":1,"visible":true,"expansion_state":0,"options":{"engine":"r","label":"unnamed-chunk-79"},"document_id":"29371BEF","chunk_id":"cs5z8wa6b7z0c","chunk_label":"unnamed-chunk-11"}],"doc_write_time":1621839265,"working_dir":null,"default_chunk_options":{},"chunk_rendered_width":700}