"data_resource_uid","year","decimalLongitude","decimalLatitude","scientificName","position","dist2des"
"dr1097",2003,144.8548,-37.6501,"Perameles gunnii",1,2426.66366992863
"dr1097",2007,145.1188,-37.7522,"Ornithorhynchus anatinus",1,26201.9784245944
"dr8128",2020,145.1167,-37.7667,"Ornithorhynchus anatinus",1,26640.8027012405
"dr8128",2004,145.1531,-37.7032,"Ornithorhynchus anatinus",1,27811.9046876557
"dr1097",2003,144.859,-37.652,"Perameles gunnii",1,2471.5606020923
"dr1097",2003,144.861,-37.652,"Perameles gunnii",1,2589.94004460541
"dr8128",2008,144.5821,-37.7583,"Ornithorhynchus anatinus",1,24871.8346575772
"dr8128",2004,145.1091,-37.7025,"Ornithorhynchus anatinus",1,23961.1771034701
"dr1097",2003,144.8637,-37.6566,"Perameles gunnii",1,2441.42713595515
"dr8128",2003,143.8987,-36.9155,"Ornithorhynchus anatinus",2,42910.1684742482
"dr8128",2004,143.8921,-36.8336,"Ornithorhynchus anatinus",2,40168.391602779
"dr8128",2002,143.9241,-36.6685,"Ornithorhynchus anatinus",2,36763.9801069104
"dr1097",2003,144.862,-37.652,"Perameles gunnii",1,2651.55331133483
"dr8128",2003,143.9611,-36.5245,"Ornithorhynchus anatinus",2,40374.9701515711
"dr8128",2011,144.6504,-37.8944,"Ornithorhynchus anatinus",1,30127.1613490946
"dr8128",2001,144.1784,-37.1242,"Ornithorhynchus anatinus",2,44795.6340889428
"dr8128",2010,143.8611,-36.8786,"Ornithorhynchus anatinus",2,44329.1548262696
"dr8128",2008,144.5301,-37.3538,"Ornithorhynchus anatinus",1,44468.2665169074
"dr8128",2006,144.3054,-37.6159,"Ornithorhynchus anatinus",1,47614.1012558142
"dr1097",2002,145.1655,-37.7383,"Ornithorhynchus anatinus",1,29654.9613848991
"dr1097",2011,145.3632,-37.5142,"Petauroides volans",1,49231.5634700119
"dr8128",2006,145.1431,-37.7388,"Ornithorhynchus anatinus",1,27767.5364914424
"dr8128",2006,144.9475,-37.2838,"Ornithorhynchus anatinus",1,43771.3240520612
"dr8128",2005,144.9028,-37.2474,"Ornithorhynchus anatinus",1,47101.6217278339
"dr1097",2007,145.1532,-37.7023,"Ornithorhynchus anatinus",1,27807.3141836389
"dr1097",2016,145.3413,-37.5334,"Petauroides volans",1,46689.0372590783
"dr8128",2012,145.3442,-37.5288,"Ornithorhynchus anatinus",1,47098.9215815902
"dr8128",2015,144.3618,-37.1386,"Ornithorhynchus anatinus",2,44525.4310922153
"dr1097",2007,145.3584,-37.6711,"Ornithorhynchus anatinus",1,45669.1692927409
"dr8128",2017,144.5044,-36.7999,"Ornithorhynchus anatinus",2,17306.0223015649
"dr8128",2015,145.0002,-37.8334,"Ornithorhynchus anatinus",1,23039.0023205092
"dr8128",2013,145.1432,-37.7202,"Ornithorhynchus anatinus",1,27274.772721966
"dr8128",2018,144.4131,-37.1021,"Ornithorhynchus anatinus",2,41096.8723560956
"dr8128",2004,143.9349,-36.4293,"Ornithorhynchus anatinus",2,49023.6131170247
"dr8128",2013,145.2962,-37.7675,"Ornithorhynchus anatinus",1,41619.5291070053
"dr364",2006,145.2354813,-37.72035555,"Ornithorhynchus anatinus",1,35277.9315503107
"dr8128",2014,145.1181,-37.7535,"Ornithorhynchus anatinus",1,26195.408267096
"dr8128",2019,144.5054,-37.1051,"Ornithorhynchus anatinus",2,43713.0499440444
"dr8128",2009,145.3518,-37.7623,"Ornithorhynchus anatinus",1,46235.7555670601
"dr1097",2008,145.3633,-37.7512,"Ornithorhynchus anatinus",1,46972.7541848708
"dr8128",2003,143.9043,-36.7373,"Ornithorhynchus anatinus",2,37688.9734123531
"dr8128",2020,144.5162,-36.8071,"Ornithorhynchus anatinus",2,18591.2555567154
"dr8128",2020,144.6512,-37.8721,"Ornithorhynchus anatinus",1,28064.1520258524
"dr8128",2013,145.1891,-37.7739,"Ornithorhynchus anatinus",1,32847.7970093435
"dr8128",2017,144.5211,-36.7153,"Ornithorhynchus anatinus",2,17591.7531576458
"dr364",2019,145.3298199,-37.4564472,"Petauroides volans",1,49224.2525968186
"dr8128",2001,144.3651,-37.8467,"Ornithorhynchus anatinus",1,46328.6027522019
"dr1097",2002,145.3621,-37.7772,"Ornithorhynchus anatinus",1,47507.9950027865
"dr8128",2013,144.6694,-37.8777,"Ornithorhynchus anatinus",1,27658.8631624591
"dr8128",2006,145.1432,-37.7331,"Ornithorhynchus anatinus",1,27606.9663950827
"dr8128",2006,145.1433,-37.7188,"Ornithorhynchus anatinus",1,27251.6393287135
"dr1097",2002,145.3606,-37.7916,"Ornithorhynchus anatinus",1,47806.2992146941
"dr1097",2002,145.3622,-37.7727,"Ornithorhynchus anatinus",1,47393.9875363117
"dr8128",2007,145.1086,-37.7223,"Ornithorhynchus anatinus",1,24354.14539935
"dr8128",2017,144.5273,-36.6867,"Ornithorhynchus anatinus",2,18855.210027325
"dr8128",2010,145.3599,-37.7718,"Ornithorhynchus anatinus",1,47173.3029001064
"dr8128",2004,144.6161,-36.5029,"Ornithorhynchus anatinus",2,36811.81418453
"dr1097",2002,144.545,-37.971,"Ornithorhynchus anatinus",1,42455.1785534798
"dr8128",2014,145.1068,-37.7009,"Ornithorhynchus anatinus",1,23733.8218195958
"dr8128",2008,144.6412,-37.8854,"Ornithorhynchus anatinus",1,29774.3894250281
"dr8128",2006,144.5836,-37.8203,"Ornithorhynchus anatinus",1,28214.9745476556
"dr8128",2002,144.6651,-36.4418,"Ornithorhynchus anatinus",2,44751.1412303827
"dr8128",2020,145.2119,-37.7397,"Ornithorhynchus anatinus",1,33658.726402895
"dr1097",2002,145.2138,-37.5714,"Ornithorhynchus anatinus",1,34665.6039870649
"dr1097",2002,145.309,-37.915,"Ornithorhynchus anatinus",1,49467.8065719963
"dr1097",2002,145.1655,-37.7383,"Ornithorhynchus anatinus",1,29654.9613848991
"dr8128",2001,144.4201,-37.0995,"Ornithorhynchus anatinus",2,40936.3701840404
"dr8128",2010,144.9537,-37.2957,"Ornithorhynchus anatinus",1,42607.7197725473
"dr364",2012,145.0015411,-37.7958107,"Ornithorhynchus anatinus",1,19982.1953242386
"dr8128",2003,144.2597,-36.9958,"Ornithorhynchus anatinus",2,29175.2136638408
"dr8128",2020,145.2147,-37.7313,"Ornithorhynchus anatinus",1,33696.7717109648
"dr8128",2003,144.5511,-36.6306,"Ornithorhynchus anatinus",2,23386.1276793531
"dr8128",2003,144.5086,-36.8007,"Ornithorhynchus anatinus",2,17685.6657890462
"dr8128",2011,145.1522,-37.6752,"Ornithorhynchus anatinus",1,27484.7925467252
"dr364",2017,145.1094925,-37.75542227,"Ornithorhynchus anatinus",1,25567.4091716592
"dr8128",2008,143.9009,-36.7408,"Ornithorhynchus anatinus",2,37992.5215684829
"dr8128",2020,145.1106,-37.7132,"Ornithorhynchus anatinus",1,24302.3784394011
"dr8128",2020,143.9556,-36.9576,"Ornithorhynchus anatinus",2,41044.6721871616
"dr8128",2020,144.6662,-37.9304,"Ornithorhynchus anatinus",1,32844.7056762526
"dr8128",2015,145.1268,-37.7623,"Ornithorhynchus anatinus",1,27267.7277003991
"dr8128",2020,145.1177,-37.7528,"Ornithorhynchus anatinus",1,26134.8080294457
"dr8128",2002,143.8709,-36.8404,"Ornithorhynchus anatinus",2,42191.457544413
"dr8128",2007,144.7747,-37.5769,"Ornithorhynchus anatinus",1,11759.0297046554
"dr8128",2018,145.0612,-37.7802,"Ornithorhynchus anatinus",1,23027.8946064232
"dr1097",2007,144.4627,-37.0258,"Ornithorhynchus anatinus",2,34134.6827751089
"dr8128",2020,143.9346,-36.9425,"Ornithorhynchus anatinus",2,41635.7034663041
"dr1097",2003,145.0977,-37.6813,"Ornithorhynchus anatinus",1,22708.6103229106
"dr8128",2002,143.9504,-36.5869,"Ornithorhynchus anatinus",2,37574.9518586516
"dr8128",2009,144.5095,-36.7868,"Ornithorhynchus anatinus",2,17219.288384834
"dr8128",2001,143.9399,-36.6004,"Ornithorhynchus anatinus",2,37782.4345076756
"dr8128",2002,145.2101,-37.8451,"Ornithorhynchus anatinus",1,37970.4778741214
"dr8128",2004,144.5311,-36.8455,"Ornithorhynchus anatinus",2,21805.6059105832
"dr8128",2019,145.2118,-37.7398,"Ornithorhynchus anatinus",1,33652.724059533
"dr8128",2001,143.9089,-36.7157,"Ornithorhynchus anatinus",2,37368.1477174856
"dr8128",2002,143.9553,-36.9587,"Ornithorhynchus anatinus",2,41138.4639195391
"dr8128",2018,145.1249,-37.7583,"Ornithorhynchus anatinus",1,26946.8564810311
"dr8128",2020,145.1428,-37.7389,"Ornithorhynchus anatinus",1,27745.2245632906
"dr8128",2004,144.6598,-36.4361,"Ornithorhynchus anatinus",2,44902.4552871314
"dr1097",2004,144.7424,-37.5831,"Ornithorhynchus anatinus",1,12887.125871796
"dr8128",2020,144.2019,-37.0815,"Ornithorhynchus anatinus",2,39656.1679186504
"dr1097",2002,144.8901,-37.4038,"Ornithorhynchus anatinus",1,29744.2474848046
"dr8128",2020,145.1174,-37.7528,"Ornithorhynchus anatinus",1,26110.093082293
"dr8128",2003,144.5141,-36.8001,"Ornithorhynchus anatinus",2,18113.4310861575
"dr1097",2002,144.8901,-37.4038,"Ornithorhynchus anatinus",1,29744.2474848046
"dr1097",2002,145.1655,-37.7383,"Ornithorhynchus anatinus",1,29654.9613848991
"dr1902",2019,145.1,-37.7,"Ornithorhynchus anatinus",1,23125.9592423017
"dr8128",2012,145.1533,-37.6721,"Ornithorhynchus anatinus",1,27575.8015668089
"dr8128",2010,144.6386,-37.8656,"Ornithorhynchus anatinus",1,28176.5018869256
"dr8128",2007,145.1423,-37.7313,"Ornithorhynchus anatinus",1,27479.5735006707
"dr8128",2008,143.9419,-36.5989,"Ornithorhynchus anatinus",2,37687.4298454588
"dr8128",2016,144.8514,-37.7681,"Ornithorhynchus anatinus",1,11050.2142387225
"dr8128",2006,145.2589,-37.4601,"Ornithorhynchus anatinus",1,43609.4478934477
"dr8128",2002,145.0734,-37.2999,"Ornithorhynchus anatinus",1,45832.1829399452
"dr8128",2020,145.1848,-37.7659,"Ornithorhynchus anatinus",1,32187.382426547
"dr342",2010,143.887,-36.895,"Ornithorhynchus anatinus",2,42873.8168718173
"dr1097",2002,145.1754,-37.7492,"Ornithorhynchus anatinus",1,30824.5789746665
"dr8128",2003,145.3116,-37.4881,"Ornithorhynchus anatinus",1,46178.4015400488
"dr8128",2003,145.1585,-37.6711,"Ornithorhynchus anatinus",1,28033.5298778586
"dr342",2010,143.887,-36.895,"Ornithorhynchus anatinus",2,42873.8168718173
"dr2009",2017,144.592,-37.9979,"Thinornis cucullatus",1,42579.5615844971
"dr1097",2005,145.1522,-37.3145,"Petauroides volans",1,48017.841504003
"dr8128",2020,144.4842,-37.3803,"Ornithorhynchus anatinus",1,44937.7516141976
"dr1097",2004,145.3362,-37.8697,"Petauroides volans",1,49012.0342774474
"dr1097",2007,145.1419,-37.7288,"Ornithorhynchus anatinus",1,27377.1663294082
"dr8128",2021,145.2166,-37.7389,"Ornithorhynchus anatinus",1,34041.6722697272
"dr8128",2009,144.6676,-37.9289,"Ornithorhynchus anatinus",1,32639.9519902172
"dr8128",2008,144.5868,-36.5615,"Ornithorhynchus anatinus",2,30464.3038118363
"dr8128",2014,144.5143,-36.7483,"Ornithorhynchus anatinus",2,16828.8451562805
"dr8128",2003,144.5339,-36.9839,"Ornithorhynchus anatinus",2,32940.2668976369
"dr8128",2021,144.3616,-37.6717,"Ornithorhynchus anatinus",1,42274.6185854663
"dr8128",2019,144.2021,-37.0867,"Ornithorhynchus anatinus",2,40205.5731852466
"dr8128",2006,144.9553,-37.2993,"Ornithorhynchus anatinus",1,42253.0668893027
"dr1097",2006,144.582,-37.822,"Ornithorhynchus anatinus",1,28440.5028404035
"dr8128",2001,144.5408,-37.0149,"Ornithorhynchus anatinus",2,36157.5658156912
"dr8128",2020,144.5132,-36.7736,"Ornithorhynchus anatinus",2,17142.942507758
"dr1097",2002,145.36,-37.77,"Ornithorhynchus anatinus",1,47134.4334054928
"dr1097",2002,145.3844,-37.7964,"Ornithorhynchus anatinus",1,49967.7651629699
"dr8128",2016,143.9553,-36.4265,"Ornithorhynchus anatinus",2,47960.4971292707
"dr8128",2003,144.5191,-36.8161,"Ornithorhynchus anatinus",2,19252.8833560637
"dr8128",2016,144.7402,-37.5795,"Ornithorhynchus anatinus",1,13313.9651434218
"dr8128",2003,144.5473,-36.6538,"Ornithorhynchus anatinus",2,21869.8575383549
"dr1097",2002,145.324,-37.854,"Ornithorhynchus anatinus",1,47278.3035848105
"dr1097",2002,145.3253,-37.8461,"Ornithorhynchus anatinus",1,47010.0046866047
"dr8128",2008,145.2965,-37.7678,"Ornithorhynchus anatinus",1,41653.733374721
"dr8128",2019,144.6184,-36.4938,"Ornithorhynchus anatinus",2,37678.9009520597
"dr8128",2005,144.7401,-37.5843,"Ornithorhynchus anatinus",1,12927.681566685
"dr8128",2015,143.9549,-36.9753,"Ornithorhynchus anatinus",2,42284.3633980729
"dr8128",2021,145.3675,-37.7937,"Ornithorhynchus anatinus",1,48455.1470141765
"dr8128",2003,143.9053,-36.9394,"Ornithorhynchus anatinus",2,43675.6300041714
"dr8128",2014,144.5773,-37.8075,"Ornithorhynchus anatinus",1,27855.462657353
"dr8128",2002,144.5303,-36.8467,"Ornithorhynchus anatinus",2,21818.7277409967
"dr8128",2004,145.2159,-37.7203,"Ornithorhynchus anatinus",1,33573.862750386
"dr8128",2018,145.1149,-37.6217,"Ornithorhynchus anatinus",1,24754.5657277686
"dr8128",2012,145.2691,-37.4709,"Ornithorhynchus anatinus",1,43759.0253603201
"dr8128",2018,145.0484,-37.7811,"Ornithorhynchus anatinus",1,22139.8030323984
"dr8128",2020,144.3661,-37.1195,"Ornithorhynchus anatinus",2,42441.6852537851
"dr8128",2010,143.9425,-36.5991,"Ornithorhynchus anatinus",2,37629.3692254811
"dr8128",2004,143.9256,-36.6461,"Ornithorhynchus anatinus",2,37243.6463243528
"dr8128",2002,144.1637,-37.1398,"Ornithorhynchus anatinus",2,46840.9422153034
"dr8128",2020,145.1767,-37.7356,"Ornithorhynchus anatinus",1,30536.2917987505
"dr8128",2017,145.1502,-37.6789,"Ornithorhynchus anatinus",1,27321.3282848169
"dr8128",2020,145.1175,-37.7528,"Ornithorhynchus anatinus",1,26118.3310197246
"dr8128",2004,144.1855,-37.1091,"Ornithorhynchus anatinus",2,43008.4275569388
"dr8128",2005,143.9674,-36.9864,"Ornithorhynchus anatinus",2,42207.9906543284
"dr1097",2001,145.3188,-37.8856,"Petauroides volans",1,48498.3358326886
"dr1097",2002,145.3253,-37.8461,"Ornithorhynchus anatinus",1,47010.0046866047
"dr8128",2001,144.2134,-37.0684,"Ornithorhynchus anatinus",2,37978.4720812891
"dr8128",2002,144.2171,-37.0315,"Ornithorhynchus anatinus",2,33951.6124090841
"dr8128",2018,145.1983,-37.7367,"Ornithorhynchus anatinus",1,32415.4794475588
"dr1097",2009,145.3559,-37.5198,"Petauroides volans",1,48410.2875373896
"dr8128",2019,144.1402,-37.1473,"Ornithorhynchus anatinus",2,48310.5825057397
"dr8128",2004,144.0999,-37.1407,"Ornithorhynchus anatinus",2,48988.7244980923
"dr8128",2009,145.1586,-37.6711,"Ornithorhynchus anatinus",1,28042.3519891824
"dr8128",2004,143.9418,-36.5979,"Ornithorhynchus anatinus",2,37741.4907943812
"dr8128",2002,143.9421,-36.5981,"Ornithorhynchus anatinus",2,37707.8593067419
"dr364",2008,145.09812,-37.74887769,"Ornithorhynchus anatinus",1,24367.9649042534
"dr8128",2019,145.1984,-37.7368,"Ornithorhynchus anatinus",1,32426.6142893525
"dr8128",2012,145.0285,-37.7871,"Ornithorhynchus anatinus",1,21119.3666627005
"dr8128",2019,144.5184,-36.7666,"Ornithorhynchus anatinus",2,17440.1476993444
"dr8128",2020,145.2177,-37.7378,"Ornithorhynchus anatinus",1,34108.7808892133
"dr8128",2019,144.5166,-36.8066,"Ornithorhynchus anatinus",2,18601.2360248682
"dr1097",2002,145.1655,-37.7383,"Ornithorhynchus anatinus",1,29654.9613848991
"dr8128",2020,145.2707,-37.3793,"Ornithorhynchus anatinus",1,49774.5630855921
"dr1097",2004,145.346,-37.836,"Petauroides volans",1,48233.4785480993
"dr1097",2002,145.1496,-37.7371,"Ornithorhynchus anatinus",1,28267.5488610914
"dr8128",2002,144.0831,-37.1175,"Ornithorhynchus anatinus",2,47321.8987252211
"dr1097",2001,144.8486,-37.6311,"Perameles gunnii",1,4252.08203392273
"dr8128",2020,145.1645,-37.7347,"Ornithorhynchus anatinus",1,29468.921376865
"dr8128",2003,144.7746,-37.6709,"Ornithorhynchus anatinus",1,5841.16575885093
"dr8128",2016,145.1432,-37.7326,"Ornithorhynchus anatinus",1,27592.781172084
"dr8128",2011,145.1423,-37.7321,"Ornithorhynchus anatinus",1,27501.9484975451
"dr8128",2017,145.1523,-37.6751,"Ornithorhynchus anatinus",1,27493.3502920954
"dr8128",2019,144.5821,-37.7578,"Ornithorhynchus anatinus",1,24849.8170856821
"dr8128",2003,144.6132,-36.4966,"Ornithorhynchus anatinus",2,37132.3083413542
"dr8128",2013,143.9419,-36.5977,"Ornithorhynchus anatinus",2,37742.5662277365
"dr8128",2002,144.4094,-37.1017,"Ornithorhynchus anatinus",2,40992.4247616169
"dr8128",2020,144.6188,-36.4929,"Ornithorhynchus anatinus",2,37775.7949894785
"dr1097",2003,144.8659,-37.6584,"Perameles gunnii",1,2505.66563064819
"dr8128",2019,144.5445,-36.6454,"Ornithorhynchus anatinus",2,22065.3865805885
"dr364",2011,145.1923065,-37.73880768,"Ornithorhynchus anatinus",1,31957.1793003457
"dr8128",2020,144.3613,-37.6716,"Ornithorhynchus anatinus",1,42301.0333483331
"dr8128",2005,144.3547,-37.6678,"Ornithorhynchus anatinus",1,42883.5172841444
"dr1097",2002,144.9047,-37.4068,"Ornithorhynchus anatinus",1,29633.6982871735
"dr8128",2014,145.1099,-37.7049,"Ornithorhynchus anatinus",1,24073.2838654687
"dr8128",2004,143.9164,-36.6826,"Ornithorhynchus anatinus",2,37140.8641621919
"dr8128",2020,143.9669,-36.9848,"Ornithorhynchus anatinus",2,42126.5863421497
"dr364",2013,145.2822723,-37.71118164,"Ornithorhynchus anatinus",1,39223.473409616
"dr635",2012,145.34969,-37.47615,"Petauroides volans",1,49788.9999708083
"dr8128",2004,144.7409,-37.5792,"Ornithorhynchus anatinus",1,13297.7639156753
"dr8128",2006,144.6533,-37.8678,"Ornithorhynchus anatinus",1,27571.104562597
"dr8128",2005,145.1438,-37.7243,"Ornithorhynchus anatinus",1,27424.2388173314
"dr1097",2009,145.3394,-37.6755,"Ornithorhynchus anatinus",1,43997.0554518195
"dr8128",2003,144.7955,-37.6234,"Ornithorhynchus anatinus",1,6438.74727106422
"dr8128",2004,143.9673,-36.9861,"Ornithorhynchus anatinus",2,42193.1015042986
"dr1097",2002,144.8486,-37.6311,"Perameles gunnii",1,4252.08203392273
"dr8128",2004,145.3259,-37.8547,"Ornithorhynchus anatinus",1,47462.670999488
"dr8128",2020,144.9543,-37.2982,"Ornithorhynchus anatinus",1,42350.5569192968
"dr8128",2013,143.9644,-36.4082,"Ornithorhynchus anatinus",2,48905.3817025417
"dr8128",2003,145.0866,-37.6709,"Ornithorhynchus anatinus",1,21690.2909425229
"dr8128",2018,145.0954,-37.7496,"Ornithorhynchus anatinus",1,24174.2459936083
"dr8128",2007,145.0039,-37.8007,"Ornithorhynchus anatinus",1,20513.2819420442
"dr8128",2004,143.9657,-36.9798,"Ornithorhynchus anatinus",2,41851.5053746443
"dr8128",2020,143.9667,-36.9847,"Ornithorhynchus anatinus",2,42132.9703110019
"dr8128",2011,144.6521,-37.9084,"Ornithorhynchus anatinus",1,31349.5421693585
"dr8128",2002,144.8124,-37.7819,"Ornithorhynchus anatinus",1,12788.7875019894
"dr8128",2020,144.5832,-36.5845,"Ornithorhynchus anatinus",2,28623.9302097705
"dr8128",2020,145.0898,-37.7538,"Ornithorhynchus anatinus",1,23895.6867973286
"dr8128",2005,144.5836,-37.8203,"Ornithorhynchus anatinus",1,28214.9745476556
"dr1097",2002,145.1595,-37.4768,"Ornithorhynchus anatinus",1,35318.7141442205
"dr8128",2007,144.7431,-37.6161,"Ornithorhynchus anatinus",1,10422.7181891054
"dr8128",2006,145.1426,-37.7218,"Ornithorhynchus anatinus",1,27260.440233229
"dr8128",2006,144.2143,-37.0546,"Ornithorhynchus anatinus",2,36482.1425245888
"dr1097",2002,145.2178,-37.5444,"Ornithorhynchus anatinus",1,36046.1598181136
"dr8128",2005,144.6188,-36.4929,"Ornithorhynchus anatinus",2,37775.7949894785
"dr1097",2006,144.5746,-37.7508,"Ornithorhynchus anatinus",1,25168.1977190734
"dr1097",2002,145.0743,-37.7557,"Ornithorhynchus anatinus",1,22734.4562650396
"dr8128",2021,145.3759,-37.7958,"Ornithorhynchus anatinus",1,49230.713104832
"dr1097",2000,145.0313,-37.7911,"Ornithorhynchus anatinus",1,21589.1174894181
"dr8128",2006,145.1471,-37.7111,"Ornithorhynchus anatinus",1,27422.4135308826
"dr8128",2000,143.8872,-36.8359,"Ornithorhynchus anatinus",2,40657.1458851484
"dr8128",2003,144.6677,-36.4588,"Ornithorhynchus anatinus",2,43543.1140433489
"dr1097",2002,145.1552,-37.4686,"Ornithorhynchus anatinus",1,35579.2746564632
"dr8128",2019,145.1174,-37.7529,"Ornithorhynchus anatinus",1,26114.0383325209
"dr8128",2021,144.7722,-37.6641,"Ornithorhynchus anatinus",1,6072.37687800795
"dr1097",2007,144.7722,-37.5786,"Ornithorhynchus anatinus",1,11708.0817456738
"dr8128",2013,145.0457,-37.6973,"Ornithorhynchus anatinus",1,18350.3197646227
"dr8128",2013,145.1073,-37.6529,"Ornithorhynchus anatinus",1,23585.1947688838
"dr1097",2013,145.3632,-37.5142,"Petauroides volans",1,49231.5634700119
"dr8128",2020,145.1584,-37.6711,"Ornithorhynchus anatinus",1,28024.7077667376
"dr8128",2009,145.1443,-37.7142,"Ornithorhynchus anatinus",1,27239.9680199704
"dr8128",2014,143.9426,-36.5989,"Ornithorhynchus anatinus",2,37630.3841719831
"dr1097",2002,145.3023,-37.9106,"Ornithorhynchus anatinus",1,48707.2020555695
"dr8128",2020,145.0442,-37.7804,"Ornithorhynchus anatinus",1,21790.5044751819
"dr1097",2002,145.1777,-37.7502,"Ornithorhynchus anatinus",1,31050.6635476388
"dr1097",2002,145.3606,-37.7916,"Ornithorhynchus anatinus",1,47806.2992146941
"dr8128",2002,144.0803,-37.1288,"Ornithorhynchus anatinus",2,48551.5797266094
"dr8128",2015,145.0841,-37.6694,"Ornithorhynchus anatinus",1,21468.8812334163
"dr893",2013,144.4397385,-37.8873158,"Petrogale penicillata",1,42846.2246011665
"dr364",2012,145.2691345,-37.47094727,"Ornithorhynchus anatinus",1,43759.0163738663
"dr8128",2018,145.1939,-37.6342,"Ornithorhynchus anatinus",1,31400.4064087142
"dr8128",2020,145.1635,-37.7362,"Ornithorhynchus anatinus",1,29425.0381099365
"dr8128",2002,145.2787,-37.4667,"Ornithorhynchus anatinus",1,44727.452044937
"dr8128",2005,143.9672,-36.4471,"Ornithorhynchus anatinus",2,45577.853968815
"dr8128",2003,144.3759,-37.1061,"Ornithorhynchus anatinus",2,41044.8562398019
"dr8128",2016,145.0088,-37.8005,"Ornithorhynchus anatinus",1,20802.773965842
"dr1097",2003,145.365,-37.695,"Ornithorhynchus anatinus",1,46334.0239278934
"dr8128",2020,145.3724,-37.6636,"Ornithorhynchus anatinus",1,46909.7043194616
"dr8128",2011,145.1584,-37.6711,"Ornithorhynchus anatinus",1,28024.7077667376
"dr8128",2002,143.8917,-36.8332,"Ornithorhynchus anatinus",2,40191.2950145555
"dr8128",2006,144.7425,-37.5734,"Ornithorhynchus anatinus",1,13696.644650922
"dr8128",2015,145.2625,-37.7874,"Ornithorhynchus anatinus",1,39436.6065524764
"dr1097",2002,145.3621,-37.7772,"Ornithorhynchus anatinus",1,47507.9950027865
"dr8128",2019,145.2675,-37.4661,"Ornithorhynchus anatinus",1,43908.5880413154
"dr8128",2006,144.4498,-37.6561,"Ornithorhynchus anatinus",1,34524.9718463247
"dr8128",2015,144.6245,-36.4878,"Ornithorhynchus anatinus",2,38537.789103888
"dr1097",2003,145.3607,-37.6871,"Ornithorhynchus anatinus",1,45910.9680113961
"dr1097",2008,145.3569,-37.5188,"Petauroides volans",1,48531.5633118062
"dr8128",2020,143.9657,-36.9798,"Ornithorhynchus anatinus",2,41851.5053746443
"dr8128",2013,144.9151,-37.7962,"Ornithorhynchus anatinus",1,15574.9054449553
"dr1097",2012,144.964,-37.571,"Ornithorhynchus anatinus",1,15376.7073954733
"dr8128",2010,144.3561,-36.6395,"Ornithorhynchus anatinus",2,11294.2743400234
"dr8128",2007,144.7401,-37.5452,"Ornithorhynchus anatinus",1,16355.2633930583
"dr8128",2017,143.9658,-36.9784,"Ornithorhynchus anatinus",2,41745.5832322679
"dr1097",2003,145.3253,-37.8461,"Ornithorhynchus anatinus",1,47010.0046866047
"dr8128",2012,144.7392,-37.5458,"Ornithorhynchus anatinus",1,16342.8536930024
"dr8128",2007,144.9801,-37.8259,"Ornithorhynchus anatinus",1,21318.1547298218
"dr8128",2002,143.9573,-36.5292,"Ornithorhynchus anatinus",2,40347.2487756852
"dr8128",2004,145.0021,-37.7965,"Ornithorhynchus anatinus",1,20071.0344386378
"dr8128",2005,144.6139,-36.5103,"Ornithorhynchus anatinus",2,36092.0424023791
"dr8128",2002,144.6539,-37.9139,"Ornithorhynchus anatinus",1,31786.1271476302
"dr8128",2018,144.3516,-37.6557,"Ornithorhynchus anatinus",1,43185.206189369
"dr1097",2002,145.154,-37.7,"Ornithorhynchus anatinus",1,27844.8769832742
"dr1097",2003,144.8659,-37.6611,"Perameles gunnii",1,2381.07331693798
"dr8128",2007,145.1453,-37.7128,"Ornithorhynchus anatinus",1,27298.7422092744
"dr8128",2004,145.0608,-37.2736,"Ornithorhynchus anatinus",1,47996.9042934667
"dr1097",2002,144.8183,-37.4268,"Ornithorhynchus anatinus",1,26943.3824192125
"dr8128",2015,144.3797,-37.1856,"Ornithorhynchus anatinus",2,49856.4623441496
"dr8128",2005,144.2635,-36.9891,"Ornithorhynchus anatinus",2,28378.9018067326
"dr1097",2002,145.226,-37.535,"Ornithorhynchus anatinus",1,37123.1368166201
"dr8128",2009,145.1431,-37.7326,"Ornithorhynchus anatinus",1,27584.2568701183
"dr8128",2019,145.1814,-37.753,"Ornithorhynchus anatinus",1,31453.2664067001
"dr8128",2004,143.9428,-36.5822,"Ornithorhynchus anatinus",2,38417.241880792
"dr1097",2002,145.3174,-37.8451,"Ornithorhynchus anatinus",1,46331.9186284833
"dr342",2016,144.854,-37.6489,"Perameles gunnii",1,2508.45843489744
"dr8128",2019,144.6201,-36.4928,"Ornithorhynchus anatinus",2,37864.4487269572
"dr1097",2002,145.362,-37.781,"Ornithorhynchus anatinus",1,47606.8146051251
"dr1097",2012,145.3632,-37.5142,"Petauroides volans",1,49231.5634700119
"dr8128",2003,143.9797,-36.4594,"Ornithorhynchus anatinus",2,43819.8636179207
"dr8128",2003,144.7469,-37.6175,"Ornithorhynchus anatinus",1,10058.123165423
"dr8128",2002,143.8992,-36.9382,"Ornithorhynchus anatinus",2,44077.4211345497
"dr8128",2004,145.0523,-37.2709,"Ornithorhynchus anatinus",1,47972.8381534904
"dr8128",2015,144.5184,-36.8157,"Ornithorhynchus anatinus",2,19177.1744084881
"dr8128",2020,145.1203,-37.7455,"Ornithorhynchus anatinus",1,26074.9587212453
"dr8128",2014,144.3707,-37.1145,"Ornithorhynchus anatinus",2,41925.4748346162
"dr635",2012,145.34933,-37.477684,"Petauroides volans",1,49686.9113653606
"dr8128",2020,145.2849,-37.7179,"Ornithorhynchus anatinus",1,39547.4585617533
"dr8128",2009,144.7412,-37.5814,"Ornithorhynchus anatinus",1,13098.0820271697
"dr8128",2020,145.1452,-37.7125,"Ornithorhynchus anatinus",1,27284.1917801802
"dr8128",2020,144.6131,-36.5109,"Ornithorhynchus anatinus",2,35994.2673803101
"dr1097",2002,144.8936,-37.4003,"Ornithorhynchus anatinus",1,30174.8947380089
"dr8128",2004,145.1112,-37.7175,"Ornithorhynchus anatinus",1,24454.3564054447
"dr8128",2002,144.3745,-37.1033,"Ornithorhynchus anatinus",2,40722.5914649195
"dr8128",2002,143.8987,-36.9156,"Ornithorhynchus anatinus",2,42915.2303935174
"dr1097",2010,145.1175,-37.7527,"Ornithorhynchus anatinus",1,26114.3911465327
"dr8128",2014,144.3043,-36.4438,"Ornithorhynchus anatinus",2,32750.822711331
"dr8128",2007,145.1563,-37.6711,"Ornithorhynchus anatinus",1,27839.4434803777
"dr1097",2005,144.371,-37.472,"Petauroides volans",1,46901.97543371
"dr1097",2003,144.7438,-37.5741,"Ornithorhynchus anatinus",1,13563.8669471856
"dr8128",2001,145.1502,-37.6771,"Ornithorhynchus anatinus",1,27314.2713039635
"dr8128",2020,143.9609,-36.9748,"Ornithorhynchus anatinus",2,41831.8697697437
"dr8128",2018,144.4471,-37.0766,"Ornithorhynchus anatinus",2,39046.2577127243
"dr8128",2014,144.6517,-37.8935,"Ornithorhynchus anatinus",1,29980.5104784834
"dr8128",2020,145.1177,-37.7526,"Ornithorhynchus anatinus",1,26126.937417813
"dr893",2013,145.213375,-37.60733647,"Ornithorhynchus anatinus",1,33590.1544978021
"dr1097",2016,144.3907,-37.4626,"Petauroides volans",1,45883.14353847
"dr8128",2003,143.9748,-36.5143,"Ornithorhynchus anatinus",2,40084.2342521849
"dr8128",2003,144.5614,-36.6222,"Ornithorhynchus anatinus",2,24657.1688248819
"dr8128",2013,145.1434,-37.7307,"Ornithorhynchus anatinus",1,27556.9129532571
"dr8128",2003,144.8032,-37.6305,"Ornithorhynchus anatinus",1,5399.20588978492
"dr8128",2021,143.9657,-36.9784,"Ornithorhynchus anatinus",2,41752.4504498414
"dr1097",2009,145.0825,-37.7513,"Ornithorhynchus anatinus",1,23195.0745965646
"dr364",2019,144.6614456,-37.92449796,"Ornithorhynchus anatinus",1,32469.1510099542
"dr8128",2013,145.1433,-37.7309,"Ornithorhynchus anatinus",1,27553.8724682538
"dr8128",2013,143.9338,-36.9423,"Ornithorhynchus anatinus",2,41683.5820876195
"dr8128",2002,144.5749,-37.3359,"Ornithorhynchus anatinus",1,43801.466719586
"dr8128",2013,144.6592,-37.9011,"Ornithorhynchus anatinus",1,30331.5569481846
"dr342",2013,144.447,-37.896,"Perameles gunnii",1,42878.091795873
"dr8128",2007,145.1437,-37.7243,"Ornithorhynchus anatinus",1,27415.6441315073
"dr1097",2001,144.3552,-37.4534,"Petauroides volans",1,49117.602221597
"dr8128",2019,144.2013,-37.0751,"Ornithorhynchus anatinus",2,38990.084012686
"dr1097",2002,145.362,-37.781,"Ornithorhynchus anatinus",1,47606.8146051251
"dr1097",2002,145.309,-37.915,"Ornithorhynchus anatinus",1,49467.8065719963
"dr1097",2002,145.3606,-37.7916,"Ornithorhynchus anatinus",1,47806.2992146941
"dr364",2005,145.0610809,-37.78143311,"Ornithorhynchus anatinus",1,23092.6373212684
"dr8128",2020,144.2025,-37.0773,"Ornithorhynchus anatinus",2,39193.8511657745
"dr8128",2002,144.7949,-37.6359,"Ornithorhynchus anatinus",1,5458.27897372187
"dr8128",2020,145.1504,-37.7368,"Ornithorhynchus anatinus",1,28326.7031166705
"dr1097",2002,145.1585,-37.4723,"Ornithorhynchus anatinus",1,35553.316453732
"dr8128",2016,145.1437,-37.7243,"Ornithorhynchus anatinus",1,27415.6441315073
"dr364",2019,145.1068157,-37.75474366,"Ornithorhynchus anatinus",1,25320.4809373306
"dr1097",2002,145.1585,-37.4723,"Ornithorhynchus anatinus",1,35553.316453732
"dr8128",2020,145.1489,-37.7243,"Ornithorhynchus anatinus",1,27862.7539283726
"dr8128",2003,144.3628,-37.1284,"Ornithorhynchus anatinus",2,43402.976417795
"dr8128",2019,144.4274,-37.6807,"Ornithorhynchus anatinus",1,36489.6472347642
"dr8128",2012,145.0255,-37.7866,"Ornithorhynchus anatinus",1,20878.0329347056
"dr1097",2003,145.37,-37.68,"Ornithorhynchus anatinus",1,46705.3809067568
"dr1097",2002,145.3023,-37.9106,"Ornithorhynchus anatinus",1,48707.2020555695
"dr8128",2013,145.1381,-37.7188,"Ornithorhynchus anatinus",1,26802.7522644334
"dr8128",2006,145.0035,-37.8003,"Ornithorhynchus anatinus",1,20456.9312604535
"dr8128",2020,145.1868,-37.7303,"Ornithorhynchus anatinus",1,31268.7452230431
"dr8128",2002,143.9635,-36.9756,"Ornithorhynchus anatinus",2,41707.3695514074
"dr8128",2019,144.7783,-37.6255,"Ornithorhynchus anatinus",1,7320.33807009437
"dr364",2016,145.1176304,-37.75275022,"Ornithorhynchus anatinus",1,26127.1128881495
"dr8128",2020,145.1434,-37.7306,"Ornithorhynchus anatinus",1,27554.1697218271
"dr8128",2019,145.1842,-37.7654,"Ornithorhynchus anatinus",1,32119.0806507884
"dr8128",2000,145.3498,-37.7574,"Ornithorhynchus anatinus",1,45946.028291073
"dr8128",2012,145.0082,-37.7965,"Ornithorhynchus anatinus",1,20455.5747694179
"dr8128",2011,145.3599,-37.7909,"Ornithorhynchus anatinus",1,47725.2567320597
"dr8128",2007,145.0415,-37.7886,"Ornithorhynchus anatinus",1,22128.3776524168
"dr1097",2002,145.1842,-37.7638,"Ornithorhynchus anatinus",1,32060.606208897
"dr8128",2019,145.2105,-37.7403,"Ornithorhynchus anatinus",1,33554.231171221
"dr1097",2002,145.1655,-37.7383,"Ornithorhynchus anatinus",1,29654.9613848991
"dr1097",2002,144.8115,-37.4267,"Ornithorhynchus anatinus",1,27005.3483458646
"dr1097",2002,144.9047,-37.4068,"Ornithorhynchus anatinus",1,29633.6982871735
"dr8128",2016,145.1532,-37.6746,"Ornithorhynchus anatinus",1,27571.4886361764
"dr8128",2013,145.1592,-37.6713,"Ornithorhynchus anatinus",1,28095.4486584756
"dr8128",2020,144.6298,-36.4781,"Ornithorhynchus anatinus",2,39645.9785981066
"dr1097",2002,144.8094,-37.4231,"Ornithorhynchus anatinus",1,27421.22699742
"dr8128",2009,145.0624,-37.7813,"Ornithorhynchus anatinus",1,23182.5960688228
"dr8128",2010,144.9802,-37.7575,"Ornithorhynchus anatinus",1,15743.8326533939
"dr8128",2017,144.6489,-37.9063,"Ornithorhynchus anatinus",1,31303.5381998878
"dr8128",2002,144.3722,-37.1133,"Ornithorhynchus anatinus",2,41805.7695428338
"dr8128",2005,144.7393,-37.5456,"Ornithorhynchus anatinus",1,16356.5842000885
"dr8128",2007,145.1438,-37.7303,"Ornithorhynchus anatinus",1,27580.1457744846
"dr8128",2012,145.2946,-37.7665,"Ornithorhynchus anatinus",1,41454.5596188624
"dr8128",2018,144.8012,-37.6313,"Ornithorhynchus anatinus",1,5440.91065979611
"dr8128",2001,144.4125,-37.1019,"Ornithorhynchus anatinus",2,41065.0387821855
"dr342",2010,143.887,-36.895,"Ornithorhynchus anatinus",2,42873.8168718173
"dr8128",2016,145.2028,-37.4522,"Ornithorhynchus anatinus",1,40020.7974792989
"dr8128",2009,143.9354,-36.4298,"Ornithorhynchus anatinus",2,48952.7430520356
"dr8128",2008,144.6642,-37.9321,"Ornithorhynchus anatinus",1,33093.8819510705
"dr1097",2007,145.404,-37.675,"Ornithorhynchus anatinus",1,49694.8528094015
"dr1097",2006,144.5134,-36.7841,"Ornithorhynchus anatinus",2,17461.3852007246
"dr8128",2002,144.8018,-37.6312,"Ornithorhynchus anatinus",1,5415.66144363621
"dr1097",2001,145.2379,-37.3654,"Petauroides volans",1,48654.969273755
"dr893",2013,144.4397385,-37.8873158,"Perameles gunnii",1,42846.2246011665
"dr8128",2017,144.5593,-36.6136,"Ornithorhynchus anatinus",2,25013.8527978071
"dr8128",2019,144.2019,-37.0867,"Ornithorhynchus anatinus",2,40210.4818893594
"dr342",2013,144.447,-37.896,"Petrogale penicillata",1,42878.091795873
"dr8128",2013,145.1099,-37.7051,"Ornithorhynchus anatinus",1,24076.9468103245
"dr8128",2013,145.0639,-37.7815,"Ornithorhynchus anatinus",1,23306.0370080721
"dr1097",2002,144.8094,-37.4231,"Ornithorhynchus anatinus",1,27421.22699742
"dr8128",2020,145.1831,-37.7301,"Ornithorhynchus anatinus",1,30945.5295169931
"dr8128",2009,145.1451,-37.7124,"Ornithorhynchus anatinus",1,27273.5624080068
"dr1097",2002,145.3253,-37.8461,"Ornithorhynchus anatinus",1,47010.0046866047
"dr2009",2017,144.563,-38.0273,"Thinornis cucullatus",1,46691.3948126999
"dr8128",2020,144.4275,-37.6807,"Ornithorhynchus anatinus",1,36480.8310514606
"dr1097",2002,144.8936,-37.4003,"Ornithorhynchus anatinus",1,30174.8947380089
"dr1097",2002,145.098,-37.748,"Ornithorhynchus anatinus",1,24322.9035459498
"dr1097",2002,145.36,-37.77,"Ornithorhynchus anatinus",1,47134.4334054928
"dr1097",2002,145.3844,-37.7964,"Ornithorhynchus anatinus",1,49967.7651629699
"dr8128",2020,145.1086,-37.7224,"Ornithorhynchus anatinus",1,24356.8335044259
"dr8128",2020,143.9656,-36.9806,"Ornithorhynchus anatinus",2,41915.1039579007
"dr8128",2012,145.1119,-37.7145,"Ornithorhynchus anatinus",1,24443.9402346551
"dr8128",2015,145.0452,-37.7799,"Ornithorhynchus anatinus",1,21831.8085807807
"dr8128",2006,143.9393,-36.6011,"Ornithorhynchus anatinus",2,37799.9537830954
"dr8128",2016,145.0056,-37.8017,"Ornithorhynchus anatinus",1,20697.4362168936
"dr8128",2020,145.2088,-37.7409,"Ornithorhynchus anatinus",1,33424.3114093725
"dr8128",2020,145.2222,-37.7363,"Ornithorhynchus anatinus",1,34459.4305897609
"dr1097",2002,145.098,-37.748,"Ornithorhynchus anatinus",1,24322.9035459498
"dr8128",2004,144.8022,-36.5907,"Ornithorhynchus anatinus",2,45596.4106963957
