{"working_dir":null,"default_chunk_options":{"cache":false,"cache.lazy":false,"eval":true},"chunk_definitions":[{"row":12,"row_count":1,"visible":true,"expansion_state":0,"options":{"engine":"r","label":"setup","include":false},"document_id":"E7E6811F","chunk_id":"csetup_chunk","chunk_label":"setup"},{"row":29,"row_count":1,"visible":true,"expansion_state":0,"options":{},"document_id":"E7E6811F","chunk_id":"cv8cb5jhmj7ef","chunk_label":"unnamed-chunk-1"},{"row":33,"row_count":1,"visible":true,"expansion_state":0,"options":{},"document_id":"E7E6811F","chunk_id":"cmz0g5wiqaek6","chunk_label":"unnamed-chunk-2"},{"row":51,"row_count":1,"visible":true,"expansion_state":0,"options":{},"document_id":"E7E6811F","chunk_id":"ccjffx1izwwoq","chunk_label":"unnamed-chunk-3"},{"row":59,"row_count":1,"visible":true,"expansion_state":0,"options":{},"document_id":"E7E6811F","chunk_id":"cezignk5wy6oj","chunk_label":"unnamed-chunk-4"},{"row":73,"row_count":1,"visible":true,"expansion_state":0,"options":{},"document_id":"E7E6811F","chunk_id":"c5015ywsh29j3","chunk_label":"unnamed-chunk-5"},{"row":84,"row_count":1,"visible":true,"expansion_state":0,"options":{},"document_id":"E7E6811F","chunk_id":"cyg1jaz5hpf0c","chunk_label":"unnamed-chunk-6"},{"row":94,"row_count":1,"visible":true,"expansion_state":0,"options":{},"document_id":"E7E6811F","chunk_id":"c2itc2fm2dpdq","chunk_label":"unnamed-chunk-7"},{"row":103,"row_count":1,"visible":true,"expansion_state":0,"options":{},"document_id":"E7E6811F","chunk_id":"cqzsygunr3izm","chunk_label":"unnamed-chunk-8"},{"row":125,"row_count":1,"visible":true,"expansion_state":0,"options":{},"document_id":"E7E6811F","chunk_id":"cmrok3q8bi6fa","chunk_label":"unnamed-chunk-9"},{"row":134,"row_count":1,"visible":true,"expansion_state":0,"options":{},"document_id":"E7E6811F","chunk_id":"c12vd3nr51d6c","chunk_label":"unnamed-chunk-10"},{"row":147,"row_count":1,"visible":true,"expansion_state":0,"options":{},"document_id":"E7E6811F","chunk_id":"c0k16qu1j4dmr","chunk_label":"unnamed-chunk-11"},{"row":162,"row_count":1,"visible":true,"expansion_state":0,"options":{},"document_id":"E7E6811F","chunk_id":"c60s3lhy9q251","chunk_label":"unnamed-chunk-12"},{"row":176,"row_count":1,"visible":true,"expansion_state":0,"options":{},"document_id":"E7E6811F","chunk_id":"cpg7evz871uok","chunk_label":"unnamed-chunk-13"},{"row":187,"row_count":1,"visible":true,"expansion_state":0,"options":{},"document_id":"E7E6811F","chunk_id":"ck8iyuvxqdkfr","chunk_label":"unnamed-chunk-14"},{"row":204,"row_count":1,"visible":true,"expansion_state":0,"options":{},"document_id":"E7E6811F","chunk_id":"cax9yrdoa4s4n","chunk_label":"unnamed-chunk-15"},{"row":219,"row_count":1,"visible":true,"expansion_state":0,"options":{},"document_id":"E7E6811F","chunk_id":"cyn80w6mqx0s4","chunk_label":"unnamed-chunk-16"},{"row":231,"row_count":1,"visible":true,"expansion_state":0,"options":{},"document_id":"E7E6811F","chunk_id":"cv5c3jfgq1vca","chunk_label":"unnamed-chunk-17"},{"row":242,"row_count":1,"visible":true,"expansion_state":0,"options":{},"document_id":"E7E6811F","chunk_id":"ckpt0vb50a0yz","chunk_label":"unnamed-chunk-18"},{"row":258,"row_count":1,"visible":true,"expansion_state":0,"options":{},"document_id":"E7E6811F","chunk_id":"ca9pu4uo21j63","chunk_label":"unnamed-chunk-19"},{"row":276,"row_count":1,"visible":true,"expansion_state":0,"options":{},"document_id":"E7E6811F","chunk_id":"c162mvbp7i5gn","chunk_label":"unnamed-chunk-20"},{"row":287,"row_count":1,"visible":true,"expansion_state":0,"options":{},"document_id":"E7E6811F","chunk_id":"c5esty9c64zjn","chunk_label":"unnamed-chunk-21"},{"row":305,"row_count":1,"visible":true,"expansion_state":0,"options":{},"document_id":"E7E6811F","chunk_id":"cutl2rd0im7z3","chunk_label":"unnamed-chunk-22"},{"row":314,"row_count":1,"visible":true,"expansion_state":0,"options":{},"document_id":"E7E6811F","chunk_id":"c260mrrrsbcdp","chunk_label":"unnamed-chunk-23"},{"row":325,"row_count":1,"visible":true,"expansion_state":0,"options":{},"document_id":"E7E6811F","chunk_id":"cwlgmvx8q8zgc","chunk_label":"unnamed-chunk-24"},{"row":336,"row_count":1,"visible":true,"expansion_state":0,"options":{},"document_id":"E7E6811F","chunk_id":"cxw1ntj0zlbza","chunk_label":"unnamed-chunk-25"}],"doc_write_time":1621183242,"chunk_rendered_width":400}