"0","Fig_data <- tree_data_clean1 %>%  "
"0","  filter(`Family` %in% c(""Myrtaceae"", ""Arecaceae"", ""Ulmaceae"")) %>% "
"0","  group_by(`Yearplanted`, `Family`) %>%"
"0","  summarise(`number of trees` = n()) %>%"
"0","  arrange(desc(`number of trees`)) "
"0",""
"0","Fig_data %>%"
"0","  ggplot() +"
"0","  geom_line(mapping = aes(x = `Yearplanted`, y = `number of trees`, colour = `Family`)) +"
"0","  geom_point(mapping = aes(x = `Yearplanted`, y = `number of trees`, colour = `Family`))+"
"0","  theme(legend.position = ""bottom"") +"
"0","  theme_bw() +"
"0","  labs(title = ""Year Planted vs Number of Trees"") "
