"0","freq_tab <- survey_data %>% "
"0","  dplyr::select(starts_with(""QID"")) %>% "
"0","  mutate(across(everything(),.fns = function(x) ifelse(is.na(x),-1,x))) %>% "
"0","  pivot_longer(everything(),"
"0","               names_to = ""QID"","
"0","               values_to = ""option"") %>% "
"0","  group_by(QID,option) %>% "
"0","  summarise(temp = unique(option) %>% length()) %>% "
"0","  ungroup() %>% "
"0","  group_by(QID) %>% "
"0","  summarise(n = length(temp)) %>% "
"0","  ungroup()"
"2","`summarise()` has grouped output by 'QID'. You can override using the `.groups` argument.
"
"0","freq_tab %>% "
"0","  flextable::regulartable()"
