{"working_dir":null,"default_chunk_options":{"echo":true,"cache":false,"cache.lazy":false,"message":false,"warning":false},"chunk_definitions":[{"row":12,"row_count":1,"visible":true,"expansion_state":0,"options":{"engine":"r","label":"setup","include":false},"document_id":"FDFC2344","chunk_id":"csetup_chunk","chunk_label":"setup"},{"row":30,"row_count":1,"visible":true,"expansion_state":0,"options":{"engine":"r","message":false,"warning":false,"label":"unnamed-chunk-31"},"document_id":"FDFC2344","chunk_id":"cc77ka2bmfm9t","chunk_label":"unnamed-chunk-1"},{"row":34,"row_count":1,"visible":true,"expansion_state":0,"options":{"engine":"r","label":"readingdata","message":false,"warning":false},"document_id":"FDFC2344","chunk_id":"cacde5fh0jq5o","chunk_label":"unnamed-chunk-2"},{"row":52,"row_count":1,"visible":true,"expansion_state":0,"options":{"engine":"r","eval":true,"label":"unnamed-chunk-32"},"document_id":"FDFC2344","chunk_id":"civeizbw1j8zb","chunk_label":"unnamed-chunk-3"},{"row":63,"row_count":1,"visible":true,"expansion_state":0,"options":{"engine":"r","eval":true,"label":"unnamed-chunk-33"},"document_id":"FDFC2344","chunk_id":"cf0js4dotk3uu","chunk_label":"unnamed-chunk-4"},{"row":79,"row_count":1,"visible":true,"expansion_state":0,"options":{"engine":"r","eval":true,"label":"unnamed-chunk-34"},"document_id":"FDFC2344","chunk_id":"cd1683rw79j1v","chunk_label":"unnamed-chunk-5"},{"row":94,"row_count":1,"visible":true,"expansion_state":0,"options":{"engine":"r","eval":true,"label":"unnamed-chunk-35"},"document_id":"FDFC2344","chunk_id":"c8uziepiouese","chunk_label":"unnamed-chunk-6"},{"row":106,"row_count":1,"visible":true,"expansion_state":0,"options":{"engine":"r","eval":true,"label":"unnamed-chunk-36"},"document_id":"FDFC2344","chunk_id":"c6iivwpiyaa21","chunk_label":"unnamed-chunk-7"},{"row":113,"row_count":1,"visible":true,"expansion_state":0,"options":{"engine":"r","eval":true,"label":"unnamed-chunk-37"},"document_id":"FDFC2344","chunk_id":"cfh9a4r1gyb67","chunk_label":"unnamed-chunk-8"},{"row":133,"row_count":1,"visible":true,"expansion_state":0,"options":{"engine":"r","message":false,"warning":false,"eval":true,"label":"unnamed-chunk-38"},"document_id":"FDFC2344","chunk_id":"c50nzzni2cgmc","chunk_label":"unnamed-chunk-9"},{"row":143,"row_count":1,"visible":true,"expansion_state":0,"options":{"engine":"r","eval":true,"label":"unnamed-chunk-39"},"document_id":"FDFC2344","chunk_id":"czpxr034cs3sx","chunk_label":"unnamed-chunk-10"},{"row":156,"row_count":1,"visible":true,"expansion_state":0,"options":{"engine":"r","message":false,"warning":false,"eval":true,"label":"unnamed-chunk-40"},"document_id":"FDFC2344","chunk_id":"cf4exwp15x5vj","chunk_label":"unnamed-chunk-11"},{"row":171,"row_count":1,"visible":true,"expansion_state":0,"options":{},"document_id":"FDFC2344","chunk_id":"c857orc0mqpv5","chunk_label":"unnamed-chunk-12"},{"row":185,"row_count":1,"visible":true,"expansion_state":0,"options":{},"document_id":"FDFC2344","chunk_id":"cy98pldqtuftl","chunk_label":"unnamed-chunk-13"},{"row":199,"row_count":1,"visible":true,"expansion_state":0,"options":{},"document_id":"FDFC2344","chunk_id":"cdvl10tv2tpi7","chunk_label":"unnamed-chunk-14"},{"row":219,"row_count":1,"visible":true,"expansion_state":0,"options":{},"document_id":"FDFC2344","chunk_id":"c1cr4uuusqtwa","chunk_label":"unnamed-chunk-15"},{"row":235,"row_count":1,"visible":true,"expansion_state":0,"options":{},"document_id":"FDFC2344","chunk_id":"c3q1d3w5n39m4","chunk_label":"unnamed-chunk-16"},{"row":244,"row_count":1,"visible":true,"expansion_state":0,"options":{},"document_id":"FDFC2344","chunk_id":"cxprpkufrd5d3","chunk_label":"unnamed-chunk-17"},{"row":257,"row_count":1,"visible":true,"expansion_state":0,"options":{},"document_id":"FDFC2344","chunk_id":"ckapwnj0w28ay","chunk_label":"unnamed-chunk-18"},{"row":281,"row_count":1,"visible":true,"expansion_state":0,"options":{},"document_id":"FDFC2344","chunk_id":"cbzbqv5x292x4","chunk_label":"unnamed-chunk-19"},{"row":296,"row_count":1,"visible":true,"expansion_state":0,"options":{},"document_id":"FDFC2344","chunk_id":"cz796vdmbj9kt","chunk_label":"unnamed-chunk-20"},{"row":313,"row_count":1,"visible":true,"expansion_state":0,"options":{},"document_id":"FDFC2344","chunk_id":"cudr8ipamn7y5","chunk_label":"unnamed-chunk-21"},{"row":321,"row_count":1,"visible":true,"expansion_state":0,"options":{},"document_id":"FDFC2344","chunk_id":"cp2m0jbizp6gs","chunk_label":"unnamed-chunk-22"},{"row":330,"row_count":1,"visible":true,"expansion_state":0,"options":{},"document_id":"FDFC2344","chunk_id":"cn4kjfkjitnq1","chunk_label":"unnamed-chunk-23"},{"row":340,"row_count":1,"visible":true,"expansion_state":0,"options":{},"document_id":"FDFC2344","chunk_id":"cni3obi6xb610","chunk_label":"unnamed-chunk-24"},{"row":355,"row_count":1,"visible":true,"expansion_state":0,"options":{},"document_id":"FDFC2344","chunk_id":"cbpf07f1vxi59","chunk_label":"unnamed-chunk-25"},{"row":368,"row_count":1,"visible":true,"expansion_state":0,"options":{},"document_id":"FDFC2344","chunk_id":"c67yuxvdkrspk","chunk_label":"unnamed-chunk-26"}],"doc_write_time":1621184627}